{
  "version": 1,
  "author": "BS math",
  "editor": "wokwi",
  "parts": [
    {
      "type": "wokwi-pi-pico",
      "id": "pico",
      "top": -76.67,
      "left": -142,
      "attrs": { "env": "micropython-20220117-v1.18" }
    },
    { "type": "wokwi-rgb-led", "id": "rgb1", "top": -103.15, "left": 18.36, "attrs": {} },
    {
      "type": "wokwi-resistor",
      "id": "r1",
      "top": 58.85,
      "left": -18.98,
      "attrs": { "value": "1000" }
    },
    {
      "type": "wokwi-resistor",
      "id": "r2",
      "top": 90.85,
      "left": -17.64,
      "attrs": { "value": "1000" }
    },
    {
      "type": "wokwi-resistor",
      "id": "r3",
      "top": 124.18,
      "left": -16.98,
      "attrs": { "value": "1000" }
    }
  ],
  "connections": [
    [ "r1:1", "pico:GP20", "green", [ "v0" ] ],
    [ "r2:1", "pico:GP18", "green", [ "v0" ] ],
    [ "r3:1", "pico:GP16", "green", [ "v0" ] ],
    [ "rgb1:R", "r3:2", "green", [ "v-5.6", "h110.16", "v0" ] ],
    [ "rgb1:COM", "pico:3V3", "green", [ "v0" ] ],
    [ "rgb1:G", "r2:2", "green", [ "v0" ] ],
    [ "rgb1:B", "r1:2", "green", [ "v0" ] ]
  ]
}