{
  "version": 1,
  "author": "Anonymous maker",
  "editor": "wokwi",
  "parts": [
    {
      "type": "wokwi-pi-pico",
      "id": "pico",
      "top": -20,
      "left": 2.67,
      "attrs": { "env": "micropython-20220117-v1.18" }
    },
    { "type": "wokwi-7segment", "id": "sevseg1", "top": 102.29, "left": 194.04, "attrs": {} },
    { "type": "wokwi-slide-switch", "id": "sw1", "top": -55.71, "left": -68.65, "attrs": {} }
  ],
  "connections": [
    [ "sw1:1", "pico:3V3", "red", [ "v0" ] ],
    [ "sw1:2", "pico:GP11", "green", [ "v0" ] ],
    [ "sw1:3", "pico:GND.3", "blue", [ "v0" ] ],
    [ "sevseg1:A", "pico:GP2", "green", [ "v0" ] ],
    [ "sevseg1:B", "pico:GP3", "green", [ "v0" ] ],
    [ "sevseg1:F", "pico:GP8", "green", [ "v0" ] ],
    [ "sevseg1:G", "pico:GP7", "green", [ "v0" ] ],
    [ "sevseg1:C", "pico:GP4", "maroon", [ "v0" ] ],
    [ "sevseg1:E", "pico:GP6", "blue", [ "v0" ] ],
    [ "sevseg1:D", "pico:GP5", "orange", [ "v0" ] ],
    [ "sevseg1:COM.2", "pico:VSYS", "red", [ "h0" ] ]
  ]
}