{
  "version": 1,
  "author": "Anonymous maker",
  "editor": "wokwi",
  "parts": [
    {
      "type": "wokwi-pi-pico",
      "id": "pico",
      "top": 0,
      "left": 0,
      "attrs": { "env": "micropython-20220117-v1.18" }
    },
    {
      "type": "wokwi-led",
      "id": "led1",
      "top": -63.90867360432942,
      "left": -199.64783223470053,
      "attrs": { "color": "red" }
    },
    {
      "type": "wokwi-resistor",
      "id": "r1",
      "top": -77.58,
      "left": -83.98,
      "attrs": { "value": "1000" }
    }
  ],
  "connections": [
    [ "led1:C", "pico:GND.4", "green", [ "v197.73", "h189.33", "v0" ] ],
    [ "led1:A", "r1:1", "green", [ "v0" ] ],
    [ "r1:2", "pico:VBUS", "green", [ "v83.07", "h101.33" ] ]
  ]
}