{
  "version": 1,
  "author": "Anonymous maker",
  "editor": "wokwi",
  "parts": [
    {
      "type": "wokwi-pi-pico",
      "id": "pico",
      "top": -22.67,
      "left": 107.33,
      "attrs": { "env": "micropython-20220117-v1.18" }
    },
    { "type": "wokwi-7segment", "id": "sevseg1", "top": -11.15, "left": -79.65, "attrs": {} },
    { "type": "wokwi-slide-switch", "id": "sw1", "top": 122.84, "left": -61.65, "attrs": {} }
  ],
  "connections": [
    [ "sevseg1:B", "pico:GP3", "yellow", [ "v-16.05", "h121.08", "v50" ] ],
    [ "sevseg1:C", "pico:GP4", "yellow", [ "v9.02", "h134.68", "v-26.67" ] ],
    [ "sevseg1:A", "pico:GP2", "blue", [ "v-24.05", "h136.68", "v49.33" ] ],
    [ "sevseg1:COM.2", "pico:VSYS", "red", [ "h0.95", "v-37.38", "h258", "v2.67" ] ],
    [ "sw1:1", "pico:3V3", "red", [ "v55.74", "h280.84", "v-188", "h-12.67" ] ],
    [ "sw1:2", "pico:GP11", "green", [ "v30.41", "h133.34", "v-62.67" ] ],
    [ "sevseg1:G", "pico:GP7", "red", [ "v-25.38", "h-19.85", "v134.67", "h191.33", "v-21.33" ] ],
    [ "sevseg1:E", "pico:GP6", "green", [ "v29.69", "h165.49", "v-20", "h0" ] ],
    [ "sevseg1:D", "pico:GP5", "purple", [ "v17.69", "h139.88", "v-30.67", "h0" ] ],
    [
      "sevseg1:F",
      "pico:GP8",
      "black",
      [ "v-36.05", "h-44.12", "v0", "h0", "v159.33", "h209.33", "v-29.33", "h0", "v0" ]
    ],
    [ "sw1:3", "pico:GP10", "black", [ "v5.07", "h110.5", "v-50.67" ] ]
  ]
}