{
  "version": 1,
  "author": "BS math",
  "editor": "wokwi",
  "parts": [
    {
      "type": "wokwi-pi-pico",
      "id": "pico",
      "top": 17.67,
      "left": 37.38,
      "attrs": { "env": "micropython-20220117-v1.18" }
    },
    { "type": "wokwi-servo", "id": "servo1", "top": -7.59, "left": -162.42, "attrs": {} },
    {
      "type": "wokwi-led",
      "id": "led1",
      "top": 95.72,
      "left": -81.54,
      "attrs": { "color": "red" }
    }
  ],
  "connections": [
    [ "servo1:PWM", "pico:GP15", "green", [ "h0.87", "v151.14" ] ],
    [ "servo1:GND", "pico:GND.1", "black", [ "h-5.93", "v-59.59", "h188.95", "v67.29", "h4.76" ] ],
    [ "servo1:V+", "pico:3V3", "green", [ "h-29.03", "v-77.25", "h346.64", "v89.04" ] ],
    [ "led1:A", "pico:RUN", "green", [ "v0" ] ],
    [ "led1:C", "pico:GND.4", "green", [ "v0" ] ]
  ]
}